"transactionId","timeStamp","TTL"
"06E06E03-8247-4FB4-9D49-CE9F762C2029","1664548201988","1664618519"
"75133300-AE76-4895-9A74-A5FABE21339F","1657044174227","1685700119"
"50AF47FC-94EE-48AC-BDF3-B120ACC130E1","1664548114402","1664618519"
"9346DD39-44A4-4856-8FEF-F4D931E59DDF","1660916597035","1671616919"
"309574D9-685A-4F85-B3D6-9B628A4721AF","1660937110783","1674295319"
"D49405B9-5ED4-4145-A165-3DED7513F3E2","1657040377402","1685700119"
"3406910F-CA7F-4B65-83DE-FC44295DA672","1660250886200","1670925719"
"B3FAF4EF-3D12-41E5-B6B1-A016B400C207","1664548203732","1664618519"
"F55EC0CA-2C0D-4EC4-BBB4-48DCA76B4E97","1664545801813","1664563922"
"A43B386B-5CAB-4CA6-BD75-975FE0AD42FF","1661535300467","1671616919"
"A69411D0-2E29-4B99-AF4A-36900B7481EE","1664546938798","1664565059"
"0B611CA5-7C12-4572-B225-88AB700C9D17","1660917115200","1674295319"
"679BFE7D-FE86-4C85-A8E3-9B8A02C01DFA","1661200230645","1674295319"
"3E4A19B1-15F9-4E88-9559-65EC5B49327D","1661815583812","1669975319"
"94CFD1C6-563F-4F3E-8038-344266F07EA1","1657042396921","1685700119"
"D81CD4F3-CBDE-404A-B905-75E4BB36B14F","1664548193406","1664618519"
"EBB08EBD-B365-47BE-B0BA-55BB629CB2CF","1660936473785","1674295319"
"192C847B-EA93-452F-991F-97B12A6871D7","1661283843700","1671616919"
"5AA455ED-E55B-41C7-911E-9D1695ABDDC0","1657828138233","1685700119"
"D74D7500-CD1E-4FFA-9652-3787F9EFB7B3","1657906183277","1685700119"
"73B07932-21FE-41F5-8F1D-EC2D113E92BF","1664548161025","1664618519"
"3EB78D2E-325E-4660-B043-936AC21AA941","1661364235651","1671616919"
"772F7AFE-63F6-45F9-9557-64909359733C","1661788465149","1671616919"
"6535699E-CF4A-45B9-BC8A-5CD469354BE1","1657040374070","1685700119"
"F7EE6023-0D3E-41DF-8D5F-82DFA0322CAA","1657572219263","1665568919"
"D32BE2B9-BFB1-4BEB-8499-22767D2151BE","1660852902826","1671098519"
"54821848-EE30-4D6B-BEDA-883E4658830C","1661786300231","1671616919"
"91B6E5C2-0876-4534-AE6D-54B631D7A354","1660334343951","1671098519"
"9410A537-1B9C-497B-A950-61419F20FD3C","1661786490844","1671616919"
"D933514F-8F5A-4BBF-B212-6AFA4F8D3650","1661200591264","1674295319"
"AB93F218-B192-4C1D-916F-D9B7ED778FA6","1660333604284","1671184919"
"02E72878-4A2C-4867-8B1B-A40558933388","1661200399795","1671616919"
"1549DDEF-DA98-47BB-AC85-02A036E5922F","1660937035153","1671616919"
"8E399FDB-7C91-4A29-B018-F3B6B5B3A7EC","1661265297362","1674295319"
"4B61EC39-66BB-4B20-B60B-510608FD74DB","1657817622194","1685700119"
"B8A4F029-6532-482D-B1D6-EED4F78F0F2E","1660937275725","1671616919"
"826C4D55-632F-4F4D-96ED-639E65B81B48","1661284749512","1674554519"
"8DF4DF57-05E1-451A-9742-9930C7025660","1657045008122","1685700119"
"B69F6A95-3EFB-48B5-81FF-2AE2206C2650","1657042403054","1685700119"
"1E6CFDAA-DEA6-45D6-9637-D35D71C3311B","1657718457229","1685700119"
"92F5B9EE-1DE9-4572-AAAF-246B42F51DBE","1664548128127","1664618519"
"BF51F19D-73F6-4804-B3A9-4637C74CC03E","1661265188708","1671616919"
"475598A6-F980-4C62-8F14-D4431C6EE556","1657042606765","1685700119"
"B97E9437-CFDB-4A46-9695-3CA6D0BBA577","1661535550119","1671616919"
"B70B5EF2-3FA8-4714-B2C2-61D7040F47CD","1660916089041","1671616919"
"0D6B90E2-66F8-4552-8F69-0FD7F2516296","1659040837182","1672135319"
"D085C6B7-CCFE-4C78-8B77-752F2CF70439","1664492328035","1664553528"
"9E6D3920-0E49-4689-A3DC-F4A2C8D60BFD","1661815709514","1672653719"
"197B0B1D-371D-415E-BFC7-084D714D7829","1660914903677","1671616919"
"DA1EC275-6F35-4B8B-AA42-0A738B0D5FC4","1660851749967","1673949719"
"B56A079C-35F9-423C-BF0E-F306D40FE370","1664548162652","1664618519"
"DE90A91C-2701-48F7-BA25-56C4B2B796CC","1664544421329","1664562541"
"EE7580DD-7C72-40E4-B3D9-9CE19AFE7A25","1661283535216","1671616919"
"CED0306B-13CD-4FFD-9DF2-EA3EA56E20B2","1657826068441","1685700119"
"BB6F54D2-3572-4313-B043-C4D334B9305C","1661197903284","1671876119"
"BD3FBE1A-4E27-4719-A68D-A7CCBEB94FC2","1661199562364","1673949719"
"A67B693B-A00A-4924-8085-7A69E6ADB5A4","1664548200129","1664618519"
"79E656F3-FC4A-41E8-B7D2-89920EC2FDB6","1660930002984","1671616919"
"4F786DEE-AE15-469E-98AC-E44903F1D220","1657044166467","1685700119"
"981CE0CA-1E4D-4684-A03B-AEEAE7364989","1664544916267","1664563036"
"D895C6A0-4531-45EB-8B38-393F2D52F575","1661283758241","1671616919"
"2128E35B-7194-4FFA-9524-D35EC80C0130","1660830777669","1671530519"
"5B19CACC-D8DF-4E63-9975-62EE978A5355","1661280646462","1673949719"
"B594F05A-95E2-4A50-8E2A-04DCAF973B17","1661364877309","1671616919"
"4173B1D5-17B8-4C6B-97D1-6C63E4DBF390","1664548159268","1664618519"
"C6115CD5-374F-4966-B731-FA54F78CB365","1661280527910","1671098519"
"4F988DB9-DF04-4AD4-8A29-EDAEB130BF49","1657718464052","1685700119"
"8451E0AA-2D3B-496B-B8C9-C61A08DFAFDB","1664548124232","1664618519"
"1FC97DB0-569B-4AA5-B070-2CDCA479B739","1660844962441","1671098519"
"11462DB3-CC7E-48B2-A18B-1A129D2406AE","1664548185933","1664618519"
"FC6D1B90-7588-41E6-A7A7-2EC329432A9D","1660327725752","1671098519"
"33D0A897-1745-40DA-BA5D-66C018F552BB","1660327804796","1671184919"
"3E8A4D34-AFA8-4A19-87D0-91C34B810707","1664494466297","1664555666"
"5E96A3D4-80AA-4B64-A690-2694CF0BB6D7","1661199055166","1674554519"
"6734D5DA-CE4B-40C7-A9FE-255D9EC767BF","1660915319946","1671616919"
"892F245A-322D-40F1-B0F8-47557E4E30E0","1657828143847","1685700119"
"0C88E0E5-470B-419C-80B6-521DF5A7E071","1664548120935","1664618519"
"0F5AC8C4-81EA-4C4F-93F2-7F5C3A2674C1","1661534851332","1674295319"
"8BDA46C6-39E2-4151-AF69-512E887F684E","1664495167318","1664556367"
"1CAD6CD0-2366-493D-996C-F54914960C35","1664548149813","1664618519"
"D65BBFE2-6D01-48D2-B33C-7BA1E6729E7A","1664548118833","1664618519"
"8E12D05C-8348-4940-A017-0C4518C6609E","1661289950869","1671876119"
"813E3B64-2C86-43DA-969B-717DA21A044F","1660916754161","1674295319"
"3894D9F0-FDAA-42DF-BF94-4AE728D5F3C2","1660920299678","1674295319"
"98B35581-E710-44EA-9B64-A8BB99D49F40","1657042612923","1685700119"
"744AC10E-6A1A-499D-8BB1-A1DD3D0FA2CE","1664544467308","1664562587"
"3A027AE5-31CE-45EA-BB14-FAFD8D0EC737","1658849660476","1690020119"
"A2286661-7C91-43F3-AB58-C151A10FDB06","1661200154329","1671616919"
"1EEE0667-1447-4F69-B2E1-1C98FCCD8F78","1661265577638","1674295319"
"24CA6F6D-EBFF-4DEE-AA80-B8841C034B38","1664540282213","1664558402"
"275838A9-3584-47EA-B6D6-FAA7A5CE5314","1664548130308","1664618519"
"B0EA83F2-A49B-42CC-9AD5-B4306B01C8F9","1664542432380","1664560552"
"8C353BA0-4031-450E-A69D-AC7DD5C72A88","1660845060042","1673949719"
"0669318A-2FEA-4102-8C12-5C13E48604B0","1664548135568","1664618519"
"C43DD61C-FCCA-44B1-ACF7-18346F07051B","1661535483163","1671616919"
"F056F89B-98F6-4C47-8C42-55091EEA0466","1661265496940","1671616919"
"8EBE46AB-6C7C-4A3E-8550-E40267E6660F","1660937370311","1671616919"
"748B9A41-CF37-4DB1-9954-F6DA47B75F92","1664548153766","1664618519"
"2BC16BE6-3703-4C24-B70D-F9D016EF6605","1660919986905","1674295319"
"2DAE4319-AB18-446C-8A59-1DCF52CF0B3B","1661277900537","1673949719"
"69D66E1C-ECE7-4E6D-A762-76A13C086153","1664488850215","1664550050"
"E70649D0-4120-4F15-AC37-F827FF1E5AFE","1664540254133","1664558374"
"432BF2C3-E576-4B86-B269-C7C3F28F9ECF","1661787945043","1671616919"
"6BDF3EC1-915B-4942-9567-B338B018D6E9","1657812111794","1685700119"
"E26C8413-D70C-4211-A2FF-DC1D5039FC78","1664548177002","1664618519"
"42DCB302-2A5B-4704-96C2-DB05EB6B7C87","1661788024194","1674295319"
"FC1D405E-6785-4162-A933-4FE8D40F5DAA","1660936102898","1674295319"
"91F12F20-6799-4B44-B1EA-D167E532AF28","1661283466478","1671616919"
"1A2DC3E3-560F-4ED5-BE68-8EC5E2ADF525","1661199492084","1671184919"
"F4827708-5E1E-40CD-B4C9-F2A5F0F4EB5C","1664494615421","1664555815"
"C993EB2D-1F3B-4753-B4EB-52113580AF54","1661364305927","1671616919"
"94D2F3DE-70D9-498D-A2F1-925713087CC9","1659040847269","1672135319"
"FCADA1D4-3C03-414D-8ACF-4FC0995532E0","1659041838203","1672135319"
"CE77918C-9AE7-4213-9E58-29202FDE58A2","1661535243021","1671616919"
"1114AF0D-BF54-40FA-9E26-267C5A783BEF","1661362673063","1671616919"
"7867EF0F-3160-42C3-AD68-8A9DC883F705","1661362770889","1671616919"
"9D17D57B-46FD-4FD6-973B-480CFBE22E8C","1661787594892","1671616919"
"05CAD93D-D365-42A9-9E73-87966048C9A0","1656711097278","1686996119"
"9831CC27-A545-45A9-A0A4-458B929CABEA","1661788548226","1671616919"
"A06E0294-E1EA-429F-9BCE-23837075290F","1661280589014","1671184919"
"D7022CE8-3CDC-4293-A3AA-79CC76993711","1661284286713","1671876119"
"2A81F2C7-8A96-4A75-97D9-0C585754FEDB","1661788633279","1674295319"
"199E182F-B5A2-4936-A2F5-6116BEA8C33C","1661362337147","1671616919"
"7E5DCB0B-5BC9-40B7-AAEE-DC7DA5E5EE68","1661269247149","1671098519"
"580CD43C-3DB8-435D-A1B1-9C5D42285278","1661786564798","1671616919"
"680B4151-698E-45D9-B84E-7FDBCD0E03CC","1664548133927","1664618519"
"87664595-A64C-49CE-A548-25E40414BB3C","1664495319134","1664556519"
"5EFB5EA8-AF55-4A0C-8D0E-4D9661C01785","1660914979682","1671616919"
"F28D8A74-DB9F-4E69-8EA7-D48702B2B646","1664542456780","1664560577"
"735C647F-A3B3-4373-B388-B53027A75C61","1657812102693","1685700119"
"08BD13D2-8E5E-4E95-8A4B-354234DC327F","1664548182190","1664618519"
"22EB6F93-437D-4055-8F69-B0411316B059","1657048677698","1685700119"
"A0D893B4-41D6-408E-A4EF-8EBF064DA6A4","1661786637492","1674295319"
"032CFD17-1465-4DC9-B55F-A2B8F326D77E","1661786237438","1671616919"
"CCF75069-2678-4C9B-8522-900996CB9787","1660831022505","1671530519"
"36A7C6C7-B694-4F5F-B7E0-ED161186E9B5","1664548157330","1664618519"
"9332BFD3-EE0B-44FB-8C16-3E2D1CF38422","1660324245040","1670925719"
"78FDAE6C-97AD-4DDD-A373-848E5559D242","1664547521918","1664565642"
"FCDC10D3-8A15-4C6F-AC4A-A2A3220490A8","1664548138928","1664618519"
"714863C4-2BE0-40DF-8303-7E98F08DD4FC","1664543310136","1664561430"
"5C8E10F2-006F-40AA-B4B5-66887E2DF99F","1661277619634","1671098519"
"C19C5171-E0C2-4C3D-BFE0-D18832B0451F","1661284392491","1674554519"
"EEAA28C0-FE24-4CF8-A88A-B3953D8CEFD0","1660917019981","1671616919"
"079D3514-DC7E-4571-8AB2-E2E863553EFF","1657656447218","1685700119"
"65964FA5-4307-43A6-BE96-0248A1C19D33","1661364702386","1674295319"
"FAF4396C-AA27-4202-B568-2AF269DB0C71","1661205532500","1671098519"
"A6F9AE15-7185-4137-8FF0-616F1A667DD6","1661362241424","1671616919"
"600B31D2-BE4D-4F01-8923-4BC2A85948C8","1664547698072","1664618519"
"54D51C7B-A3C4-4478-BF73-68C4B9467B7F","1664488887999","1664550088"
"8977EAFF-4918-4545-9616-F80CB4F5063F","1660250804733","1670925719"
"C35EFFFF-3CB0-4C09-9C80-1C75E3DC8CCD","1664492127235","1664553327"
"AC6DEA76-8F1E-4E1C-8FFA-CDE08403F622","1664548180472","1664618519"
"6CF9AB98-6ECA-4B33-AEDD-A3CF40295831","1664548126330","1664618519"
"0424B9EF-E466-4B78-9C06-0AA18CE85EA3","1657810757837","1685700119"
"5873A66B-F535-443B-A91D-24ABEE31FD64","1664546869961","1664564990"
"40DBA1AC-7BC1-4E11-8952-9A77C8900E4B","1660920141460","1671616919"
"650182F3-DFD1-4C53-AE82-792389CC73AA","1660861557813","1671530519"
"C2E5A555-9377-4A8B-97A8-E41C72669968","1660327884304","1673949719"
"E24617FD-87B5-47E8-BFA6-943D050AECEA","1660845011035","1671184919"
"54B773AE-58B2-4F86-9918-6C8F0553343E","1660845634407","1671098519"
"6271AB36-E262-4D57-B7A4-D14A7127A556","1664548144347","1664618519"
"E7F0BDEE-C394-408B-9E6A-F79330B46050","1664548122674","1664618519"
"57A44FC5-2014-471E-BCAE-481CEF08912B","1664492252334","1664553452"
"D556274B-C404-4803-B77F-50A57F9DB3F9","1661200494392","1671616919"
"97C76F0F-449D-4468-AAB5-67C5E6D156B0","1657719225837","1685700119"
"B931EAE6-026B-4022-8278-B6A663528518","1664548132208","1664618519"
"8E875903-86E3-4C9E-8016-DE4A7BFF9BE2","1661284339749","1671876119"
"6595F631-5DAD-4E79-AA44-B5A70489596E","1661360826995","1671616919"
"D1A18735-1712-4BAC-9038-293095E98DA0","1661205591624","1671184919"
"8E75F4C9-50C2-41BD-9312-77D8B5570A20","1661268776854","1671098519"
"3CF44B6D-8F49-4D56-B20E-B76EA5DCF981","1664547693998","1664618519"
"78BA53A8-B291-4718-84E6-38CD775C91D7","1657814082281","1685700119"
"28ACD229-DFCF-426A-BC8B-3A82AA2D0DE9","1660830635650","1671530519"
"1348A363-2CBF-47D7-897E-D023DF9F5002","1660845680900","1671184919"
"396C5C87-1489-4CC3-8F5C-45A16896576E","1664493270603","1664554471"
"D53B2023-5060-4B9E-B816-3B7259D3CCE4","1657750396028","1685700119"
"797DD40B-252B-4FAC-AAC8-F54592C4A142","1661358296053","1674554519"
"AAA416EF-E782-481E-9271-A2043893B42F","1660333528323","1671098519"
"88C0A54F-0D66-49F2-987A-B1C7CAC5A031","1664493994862","1664555195"
"3206F65F-8C38-465D-88D6-A3A67BE3A0E9","1661269370465","1673949719"
"6E82013F-0F69-42E3-B139-55D519FB5D36","1660846603253","1673949719"
"C57DA12C-09A3-4739-B479-7408FE20BB10","1660326147977","1670925719"
"A1B2435D-2FA9-49E7-97D3-BFF928787034","1661534534518","1671616919"
"8528FF57-953A-4330-9E54-2AA2F4D64CBD","1664493497169","1664554697"
"B74F7E51-30D0-4362-8ADE-F1DFC5948747","1664548155508","1664618519"
"C2EBAD60-9CED-4E31-894C-A6DE577C9D92","1660916924596","1671616919"
"290482D8-6977-4E3C-BA1E-460C32E66883","1664493357547","1664554558"
"76DFE17F-4E68-48EF-874C-A794A99395F5","1664548164401","1664618519"
"63029BB7-9D80-4DB0-A0A8-3276F2DFC6FA","1664543002899","1664561123"
"09564571-A3AF-4573-9763-A08DA5903F2C","1664548169765","1664618519"
"7826259E-2D46-4929-BA38-D72C5E092C95","1660936022887","1671616919"
"5686CA9F-DD3B-4BF5-A291-13FD0CC72147","1661197823555","1671876119"
"CF7D368F-DE9E-4D32-A511-E3FB1AE71375","1661269310969","1671184919"
"F32005E6-2C15-4468-B0A0-87930125D9AA","1660919907896","1671616919"
"C0975555-DE4D-44CA-A894-0098174F1557","1657656457732","1685700119"
"E40B2CD8-016F-41EB-A986-AE77F666ACEB","1664541863560","1664559984"
"609961FA-B5E7-4B34-A690-4386416EAF24","1664548146234","1664618519"
"AFB8B67D-F758-4506-A4E9-A5F33D582A68","1660324322400","1670925719"
"6DBD6EC1-127D-4B8D-A95E-AEB5D9CD465F","1661365063972","1674295319"
"23F33DCC-F736-4917-835E-79F406CB9571","1664548178828","1664618519"
"1241BB35-D43C-4806-8817-0E302A995DF8","1661290301508","1671876119"
"B9B0EE15-50EE-4207-AA82-2C0FB3FD2680","1661280290174","1671098519"
"AACD071B-0336-4345-AE58-04E7C01D3953","1664546166438","1664564286"
"A301161D-F28A-4725-9A8B-801D2163497C","1661787865402","1671616919"
"CB01CB7E-614D-48BB-AB4A-54467B073AC9","1657719056554","1685700119"
"B2ACF8F4-441F-4F77-BB9F-347A9316FC8B","1661277683600","1671184919"
"EA3BFE87-2747-4839-AB40-06417903C971","1657045001650","1685700119"
"2E77ADD4-860D-4A4E-8CD8-66F11B9423CB","1660250970327","1673604119"
"39BC73A4-4EE1-49D3-88BC-2A26B0223F74","1661284696051","1671876119"
"013E9E8A-AD5E-447C-8DEC-BFA9090010B5","1661534773885","1671616919"
"EB46D67B-6154-4F35-B570-864EF44C19CA","1664548147989","1664618519"
"49521651-CCFF-49C5-815B-E78734C306DE","1661290409184","1674554519"
"BEC6808E-67D4-4051-AA67-3778375D17D4","1661284642104","1671876119"
"37430841-B78E-455A-8A8A-CC7F20467915","1660853017300","1673949719"
"62498DE9-C308-437B-AA00-8611F768E3B8","1660846554650","1671184919"
"F08E1299-A017-42A5-AABF-12A8A38BFB37","1659041827643","1672135319"
"F3DC2B44-E153-489C-BA4A-45A72FA98921","1664543390375","1664561510"
"00E7CBE8-8863-4E72-BF28-85B5C89B08F5","1664495317843","1664556518"
"E0897631-C91E-44B6-B2F3-66147F929C2E","1664545157368","1664563277"
"4FD6504F-4272-4C86-9E8C-6467D4A1B6F2","1664548184083","1664618519"
"BDBC427C-BBFD-46CE-9276-6366BCE7675F","1664548166198","1664618519"
"2774E181-FE0E-4297-8CE8-06EE2ED8B6A9","1664491595769","1664552796"
"E35B5AFD-F176-43CF-A40D-C1CEE4163560","1664548140630","1664618519"
"A870951B-07B8-4947-BA52-7EA3DCE064A6","1661364971180","1671616919"
"E59EF69B-5E8E-4A27-BAC5-46B01E774225","1661283603873","1674295319"
"D7E7C019-B04B-4BF2-A3DA-5CD7659A6490","1657826061755","1685700119"
"D83AAC7A-435D-4F1E-8CAF-27505BCBD6E9","1657039139471","1685700119"
"C6A7AC1C-6F81-4F4A-A760-694F7DE78D93","1660919824276","1671616919"
"D3F7132A-0F3D-49F5-85CD-F7186BD49636","1660929904238","1671616919"
"F6EE32BB-954E-4FD3-AD57-B1ECC46AE2EC","1657826567697","1685700119"
"E28A6D3F-5900-4DF3-AE58-7EEC708E51F8","1660915412754","1674295319"
"0025C473-9144-4C33-A72F-EB24015C61C9","1661290356328","1671876119"
"23B2BAFB-7C16-49F7-9017-3868BEA309BC","1664545836718","1664563957"
"62EF95EF-6FAE-4229-9824-7233471F7631","1661283929057","1674295319"
"E0C4BCA9-082D-4AB7-A1BB-20BB0AAC9D77","1657814075738","1685700119"
"D7E69BC3-12C2-4B51-A4D3-DB55F1238B62","1660916675977","1671616919"
"64DB6B35-C0E8-4DF3-B955-1315030F0213","1664548190028","1664618519"
"B0EC2CC0-C42B-4ACF-BDAC-A4E646F2B2B6","1664548116649","1664618519"
"5C033245-A612-41C7-8ABB-1D2992FC7FD0","1664548196820","1664618519"
"EDECD9CF-BB08-4A7D-83BC-325CAC81224C","1661205651300","1673949719"
"E67CC9A2-C0E0-4816-844C-9EFC075E8292","1661535359351","1674295319"
"8E943D5A-ED5A-436B-B1D2-62BE3D3581E2","1661364528357","1671616919"
"12553920-2867-40B2-916E-A1D2B4745FE2","1661534477109","1671616919"
"FA1DF69A-DD74-473B-A5C7-5DE2E38E7C98","1661364615391","1671616919"
"7F8C1CE7-AFB0-4D20-B5A2-81BED88CA026","1661265416975","1671616919"
"632C7A5F-DF36-4DCA-870D-43D36AB9DFAF","1660915058624","1674295319"
"F7269810-02AA-42D5-BCDF-7D0F3EBDE565","1664492394895","1664553595"
"9EEEB37A-DBEC-42AB-898E-3E2A119391BC","1664548188184","1664618519"
"94952EB3-E831-44D6-8ECF-DE4557DC2798","1664546687103","1664564807"
"38B33D08-67B6-4620-B1FE-0B81C118A029","1661290006889","1674554519"
"9B4BBD75-480B-4125-8811-B06CB37BBE19","1664546737382","1664564857"
"744BF9D9-98DD-4B1C-9453-17708D58876D","1657048683845","1685700119"
"AB91C7ED-3D47-410D-8A19-0D6D587AEF6A","1661199001373","1671876119"
"EF440780-1572-45F8-AC48-179048C6BE8E","1664548175227","1664618519"
"BDDD25A1-DB94-4951-8AB1-F7CBF67B7540","1664488777754","1664549978"
"680BD7BB-9452-4EE1-A167-D67896EF303C","1657750389901","1685700119"
"CCCC07DC-1D71-4CCC-8060-0D0574F1AEC9","1664548137372","1664618519"
"98B58CC2-AE7E-4C8C-8D58-8F9C0F3ECD28","1657906179387","1685700119"
"66A0D59D-3322-4A3A-8A27-189FD21AB389","1660851653534","1671098519"
"7402F8DC-E7C8-4E8E-A32E-FAD6BCD76636","1657817615506","1685700119"
"F3BD19B9-A64B-4B38-BD01-BC67B6FFFC3F","1661787660616","1671616919"
"8B119575-21B0-4A99-91D0-DDB37EEE2A48","1661786360964","1674295319"
"0A354542-6384-4F4A-A5ED-D623577D3A1E","1660861668817","1674208919"
"C1A748BF-A44D-4AC3-991F-62DB34E0F29B","1664547866202","1664565986"
"DED48B47-046B-4B76-BB98-9A3CC3C43989","1661200077020","1671616919"
"B1CB1CD8-219F-4055-9EC3-1C476C7735F2","1661265243021","1671616919"
"4EEEFEE3-D7D5-49C2-A1F6-D0729E1C6724","1660334412552","1671184919"
"A6A69567-A300-4A1D-94F4-E0A5878BCBC8","1664548171556","1664618519"
"6E169346-C0E0-4010-BDF6-35D03C7320EE","1660326067781","1670925719"
"DB200242-B30F-41FB-B75D-6CFB8825CF57","1664548191766","1664618519"
"035BBD39-DCFF-4B38-8A22-93D84E517446","1660851701324","1671184919"
"7385BFC4-9650-4DCE-9D8B-C4EBC3DC69DF","1657720733801","1685700119"
"F38EE6C1-BE6B-4CFB-AD80-CAD3830040E8","1660915227418","1671616919"
"591B1180-AE79-4DF2-A5C8-7EAB36CD893D","1664494466473","1664555666"
"0A19BA26-863E-4CDC-901D-BE2AA8D65737","1664548198364","1664618519"
"46EFEBFB-1A60-4C7C-9BF7-7CF4313A7BC1","1660333680141","1673949719"
"1EE08ECD-A78F-4A52-BFCD-081CD95C4F74","1664548142468","1664618519"
"308D0281-24E3-41EA-B7E1-D76158A62082","1660852956452","1671184919"
"472AC4C0-7584-4A5B-BB08-A12D32CB6A49","1664548195163","1664618519"
"D5866B7D-CF1C-4A92-B58A-ACFAC027A0DC","1661358188038","1671876119"
"BADE607C-8B9A-4B3F-9979-8C3BFC1EF8DB","1657812761966","1685700119"
"442A974E-D87A-4694-B9FB-D65FC2BCC208","1657812755809","1685700119"
"110286B6-7023-4DCD-AE65-95B090687ED2","1661358242988","1671876119"
"8BEAC94F-FC8A-4685-8C7B-9C3B4C3F0198","1660334480172","1673949719"
"71EC2BC8-BBA2-49DC-A474-23F3B44E006F","1657720741349","1685700119"
"5F9DFE15-30F9-4BEA-B7AA-09BF3F931DA9","1661787727111","1674295319"
"69AD4D6A-8294-48B1-96BA-50937D6D5448","1660920220368","1671616919"
"C03FC2B9-4A68-4D4D-A790-3BD2FF8747DA","1660937462742","1674295319"
"2C5A9016-6280-4D96-9DDC-5B0F2F8CB7CB","1664548151805","1664618519"
"6F6B30F3-80B8-4533-B394-16A33760F367","1664544894948","1664563015"
"37757026-299F-479F-8C25-425DEB021465","1664548173430","1664618519"
"804C5507-B5B4-4C05-A8EC-68C8F1E8AF50","1660936375618","1671616919"
"65A32DC9-3D71-4CB7-9FEA-673713B2F08A","1661362865034","1674295319"
"E091B936-1B58-4363-B8E0-64D55D790B09","1657039132490","1685700119"
"6C3ED1CE-9CED-4FA5-888C-23CA5A459043","1657719233446","1685700119"
"EB8BD2CB-F2DE-4519-B255-6F5B3F03EBCE","1661199430349","1671098519"
"333CD74A-5582-45D6-8ABD-11DB9961F885","1657810765188","1685700119"
"6C61AF21-C1E5-4FBF-B248-D4E1CB5781CF","1660936275586","1671616919"
"BB8F684E-976A-4AD6-9593-FEC1AD197DB4","1660936960005","1671616919"
"23A65D27-AE70-4036-9B6E-E21264C0972F","1661535617915","1674295319"
"48A3B67E-439C-4F27-BA1C-24FC996201A4","1661364375207","1674295319"
"0F0EA663-5B21-4182-9B1D-E48D3FD478C3","1660930101081","1674295319"
"7441AB4B-024A-4C8B-A7A5-A0C8F4EF7931","1661198947284","1671876119"
"F62FA032-1C91-4394-B2E7-B90464B1EE5F","1664548168005","1664618519"
"136628C6-BA94-41D0-AC08-F94234675C02","1657719060078","1685700119"
"DEB53C2B-8E91-4CD7-9827-88DBA561D697","1660845727293","1673949719"
"75A0EDE0-A4E4-4749-ACF3-D30D9CD52035","1661534591221","1674295319"
"5B5BF90E-CEAA-48B9-9A73-EA72C8680B03","1661815647430","1669975319"
"BC741AE6-51DA-42D4-A544-C09DA2A2AE4D","1657826573708","1685700119"
"2FC0FD89-785F-46C7-A0CC-AE1B55A5E411","1661372923022","1671616919"
"881521EC-1881-4939-BFBB-6D644CD60CF1","1660846505167","1671098519"
"F125B321-28CB-40F3-BB2B-7931F43E603C","1661289894305","1671876119"